Workbook

Sheet Website
B4: Name | C4: Day | D4: Time From | E4: Time To | F4: Done-did List | G4: Working Hours
B5: Jingyu | C5: Monday | D5: 0.5625 | E5: 0.60416667 | F5: Project planning and discussion | G5: =Table36[[#This Row],[Time To]]-Table36[[#This Row],[Time From]] -> 0.041666667
B6: Amirhossein | C6: Monday | D6: 0.5625 | E6: 0.60416667 | F6: Project planning and discussion | G6: =Table36[[#This Row],[Time To]]-Table36[[#This Row],[Time From]] -> 0.041666667
B7: Curtis | C7: Monday | D7: 0.5625 | E7: 0.60416667 | F7: Project planning and discussion | G7: =Table36[[#This Row],[Time To]]-Table36[[#This Row],[Time From]] -> 0.041666667
B8: Zachary | C8: Monday | D8: 0.5625 | E8: 0.60416667 | F8: Project planning and discussion | G8: =Table36[[#This Row],[Time To]]-Table36[[#This Row],[Time From]] -> 0.041666667
B9: Gang | C9: Monday | D9: 0.5625 | E9: 0.60416667 | F9: Project planning and discussion | G9: =Table36[[#This Row],[Time To]]-Table36[[#This Row],[Time From]] -> 0.041666667
B10: Jingyu | C10: Monday | D10: 0.89583333 | E10: 0.97916667 | F10: Build contact page | G10: =Table36[[#This Row],[Time To]]-Table36[[#This Row],[Time From]] -> 0.083333333
B11: Jingyu | C11: Tuesday | D11: 0.375 | E11: 0.5 | F11: Fix contact page style | G11: =Table36[[#This Row],[Time To]]-Table36[[#This Row],[Time From]] -> 0.125
B12: Amirhossein | C12: Tuesday | D12: 0.375 | E12: 0.5 | F12: Build skills page | G12: =Table36[[#This Row],[Time To]]-Table36[[#This Row],[Time From]] -> 0.125
B13: Curtis | C13: Tuesday | D13: 0.375 | E13: 0.5 | F13: Build education page | G13: =Table36[[#This Row],[Time To]]-Table36[[#This Row],[Time From]] -> 0.125
B14: Zachary | C14: Tuesday | D14: 0.375 | E14: 0.5 | F14: Build index page | G14: =Table36[[#This Row],[Time To]]-Table36[[#This Row],[Time From]] -> 0.125
B15: Gang | C15: Tuesday | D15: 0.375 | E15: 0.45833333 | F15: Build work experience page | G15: =Table36[[#This Row],[Time To]]-Table36[[#This Row],[Time From]] -> 0.083333333
B16: Jingyu | C16: Tuesday | D16: 0.52083333 | E16: 0.6875 | F16: Fix contact page and modify style | G16: =Table36[[#This Row],[Time To]]-Table36[[#This Row],[Time From]] -> 0.16666667
... B21: Jingyu | C21: Tuesday | D21: 0.77083333 | E21: 0.875 | F21: Modify all page | G21: =Table36[[#This Row],[Time To]]-Table36[[#This Row],[Time From]] -> 0.10416667
B24: Name | C24: Total Working Hours | F24: Guide
B25: Jingyu | C25: =SUMIF(Table36[Name],Table9[[#This Row],[Name]],Table36[Working Hours]) -> 0.52083333 | E25: 1 | F25: Select a cell and insert table row above
B26: Amirhossein | C26: =SUMIF(Table36[Name],Table9[[#This Row],[Name]],Table36[Working Hours]) -> 0.27083333 | E26: 2 | F26: Fill down each cell
B27: Curtis | C27: =SUMIF(Table36[Name],Table9[[#This Row],[Name]],Table36[Working Hours]) -> 0.27083333 | E27: 3 | F27: Enter the 24-hour time.(ex:15:00)
B28: Zachary | C28: =SUMIF(Table36[Name],Table9[[#This Row],[Name]],Table36[Working Hours]) -> 0.3125 | E28: 4 | F28: On Working Hour cell, Changing the Format cells from General to Time
B29: Gang | C29: =SUMIF(Table36[Name],Table9[[#This Row],[Name]],Table36[Working Hours]) -> 0.14583333

Sheet Excel
B4: Name | C4: Day | D4: Time From | E4: Time To | F4: Done-did List | G4: Working Hours
B5: Jingyu | C5: Monday | D5: 0.58333333 | E5: 0.6875 | F5: Making Workload excel file | G5: =Table3[[#This Row],[Time To]]-Table3[[#This Row],[Time From]] -> 0.10416667
B6: Jingyu | C6: Monday | D6: 0.85416667 | E6: 0.89583333 | F6: Add doughnut chart and data | G6: =Table3[[#This Row],[Time To]]-Table3[[#This Row],[Time From]] -> 0.041666667
B7: Amirhossein | G7: =Table3[[#This Row],[Time To]]-Table3[[#This Row],[Time From]] -> 0
B8: Curtis | G8: =Table3[[#This Row],[Time To]]-Table3[[#This Row],[Time From]] -> 0
B9: Zachary | G9: =Table3[[#This Row],[Time To]]-Table3[[#This Row],[Time From]] -> 0
B10: Gang | C10: Tuesday | D10: 0.45833333 | E10: 0.5 | F10: Modify the Excel to add the work on the Word. | G10: =Table3[[#This Row],[Time To]]-Table3[[#This Row],[Time From]] -> 0.041666667
B14: Name | C14: Total Working Hours | F14: Guide
B15: Jingyu | C15: =SUMIF(Table3[Name],Table911[[#This Row],[Name]],Table3[Working Hours]) -> 0.14583333 | E15: 1 | F15: Select a cell and insert table row above
B16: Amirhossein | C16: =SUMIF(Table3[Name],Table911[[#This Row],[Name]],Table3[Working Hours]) -> 0 | E16: 2 | F16: Fill down each cell
B17: Curtis | C17: =SUMIF(Table3[Name],Table911[[#This Row],[Name]],Table3[Working Hours]) -> 0 | E17: 3 | F17: Enter the 24-hour time.(ex:15:00)
B18: Zachary | C18: =SUMIF(Table3[Name],Table911[[#This Row],[Name]],Table3[Working Hours]) -> 0 | E18: 4 | F18: On Working Hour cell, Changing the Format cells from General to Time
B19: Gang | C19: =SUMIF(Table3[Name],Table911[[#This Row],[Name]],Table3[Working Hours]) -> 0.041666667

Sheet Visio-Word
B4: Name | C4: Day | D4: Time From | E4: Time To | F4: Done-did List | G4: Working Hours
B5: Jingyu | G5: =Table37[[#This Row],[Time To]]-Table37[[#This Row],[Time From]] -> 0
B6: Amirhossein | G6: =Table37[[#This Row],[Time To]]-Table37[[#This Row],[Time From]] -> 0
B7: Curtis | C7: Tuesday | D7: 0.54166667 | E7: 0.58333333 | F7: Making Visio file | G7: =Table37[[#This Row],[Time To]]-Table37[[#This Row],[Time From]] -> 0.041666667
B8: Zachary | C8: tuesday | D8: 0.625 | E8: 0.64583333 | F8: working on visio | G8: =Table37[[#This Row],[Time To]]-Table37[[#This Row],[Time From]] -> 0.020833333
B9: Gang | C9: Tuesday | D9: 0.54166667 | E9: 0.6875 | F9: Making Visio file | G9: =Table37[[#This Row],[Time To]]-Table37[[#This Row],[Time From]] -> 0.14583333
B14: Name | C14: Total Working Hours | F14: Guide
B15: Jingyu | C15: =SUMIF(Table37[Name],Table91112[[#This Row],[Name]],Table37[Working Hours]) -> 0 | E15: 1 | F15: Select a cell and insert table row above
B16: Amirhossein | C16: =SUMIF(Table37[Name],Table91112[[#This Row],[Name]],Table37[Working Hours]) -> 0 | E16: 2 | F16: Fill down each cell
B17: Curtis | C17: =SUMIF(Table37[Name],Table91112[[#This Row],[Name]],Table37[Working Hours]) -> 0.041666667 | E17: 3 | F17: Enter the 24-hour time.(ex:15:00)
B18: Zachary | C18: =SUMIF(Table37[Name],Table91112[[#This Row],[Name]],Table37[Working Hours]) -> 0.020833333 | E18: 4 | F18: On Working Hour cell, Changing the Format cells from General to Time
B19: Gang | C19: =SUMIF(Table37[Name],Table91112[[#This Row],[Name]],Table37[Working Hours]) -> 0.14583333

Sheet PowerPoint
B4: Name | C4: Day | D4: Time From | E4: Time To | F4: Done-did List | G4: Working Hours
B5: Jingyu | G5: =Table38[[#This Row],[Time To]]-Table38[[#This Row],[Time From]] -> 0
B6: Amirhossein | G6: =Table38[[#This Row],[Time To]]-Table38[[#This Row],[Time From]] -> 0
B7: Curtis | G7: =Table38[[#This Row],[Time To]]-Table38[[#This Row],[Time From]] -> 0
B8: Zachary | G8: =Table38[[#This Row],[Time To]]-Table38[[#This Row],[Time From]] -> 0
B9: Gang | C9: Tuesday | D9: 0.79166667 | E9: 0.83333333 | G9: =Table38[[#This Row],[Time To]]-Table38[[#This Row],[Time From]] -> 0.041666667
B14: Name | C14: Total Working Hours | F14: Guide
B15: Jingyu | C15: =SUMIF(Table38[Name],Table91113[[#This Row],[Name]],Table38[Working Hours]) -> 0 | E15: 1 | F15: Select a cell and insert table row above
B16: Amirhossein | C16: =SUMIF(Table38[Name],Table91113[[#This Row],[Name]],Table38[Working Hours]) -> 0 | E16: 2 | F16: Fill down each cell
B17: Curtis | C17: =SUMIF(Table38[Name],Table91113[[#This Row],[Name]],Table38[Working Hours]) -> 0 | E17: 3 | F17: Enter the 24-hour time.(ex:15:00)
B18: Zachary | C18: =SUMIF(Table38[Name],Table91113[[#This Row],[Name]],Table38[Working Hours]) -> 0 | E18: 4 | F18: On Working Hour cell, Changing the Format cells from General to Time
B19: Gang | C19: =SUMIF(Table38[Name],Table91113[[#This Row],[Name]],Table38[Working Hours]) -> 0.041666667

Sheet Total
B4: Name | C4: Website | D4: Excel | E4: Visio | F4: PowerPoint | G4: Total
B5: Jingyu | C5: =Website!C25 -> 0.52083333 | D5: =Excel!C15 -> 0.14583333 | E5: ='Visio-Word'!C15 -> 0 | F5: =PowerPoint!C15 -> 0 | G5: =SUM(Table8[[#This Row],[Website]:[PowerPoint]]) -> 0.66666667
B6: Amirhossein | C6: =Website!C26 -> 0.27083333 | D6: =Excel!C16 -> 0 | E6: ='Visio-Word'!C16 -> 0 | F6: =PowerPoint!C16 -> 0 | G6: =SUM(Table8[[#This Row],[Website]:[PowerPoint]]) -> 0.27083333
B7: Curtis | C7: =Website!C27 -> 0.27083333 | D7: =Excel!C17 -> 0 | E7: ='Visio-Word'!C17 -> 0.041666667 | F7: =PowerPoint!C17 -> 0 | G7: =SUM(Table8[[#This Row],[Website]:[PowerPoint]]) -> 0.3125
B8: Zachary | C8: =Website!C28 -> 0.3125 | D8: =Excel!C18 -> 0 | E8: ='Visio-Word'!C18 -> 0.020833333 | F8: =PowerPoint!C18 -> 0 | G8: =SUM(Table8[[#This Row],[Website]:[PowerPoint]]) -> 0.33333333
B9: Gang | C9: =Website!C29 -> 0.14583333 | D9: =Excel!C19 -> 0.041666667 | E9: ='Visio-Word'!C19 -> 0.14583333 | F9: =PowerPoint!C19 -> 0.041666667 | G9: =SUM(Table8[[#This Row],[Website]:[PowerPoint]]) -> 0.375
B10: Work time per item | C10: =SUM(C5:C9) -> 1.5208333 | D10: =SUM(D5:D9) -> 0.1875 | E10: =SUM(E5:E9) -> 0.20833333 | F10: =SUM(F5:F9) -> 0.041666667
